use store_management;
INSERT INTO Customers(name, birthday, address, phone_number)
VALUES ('Phan Trí Dũng', '1978-04-05', 'Đà Nẵng', '0145647854'),
       ('Nguyễn Thị Hồng Hạnh', '1993-11-29', 'Bến Tre', '01262368193'),
       ('Phan Thị Hồng Trinh', '1993-12-11', 'Nghệ An', '0366227168'),
       ('Phan Văn Tài', '1989-06-15', 'Kiên Giang', '0981578293'),
       ('Lê Công Huynh', '1991-09-12', 'Sóc Trăng', '0977232173'),
       ('Lê Hồng Hoa', '1992-08-13', 'TP HCM', '0805126735'),
       ('Nguyễn Thị My', '1992-12-30', 'Hà Nội', '0703689147'),
       ('Trương Thị Hồng Huệ', '1992-11-28', 'TP HCM', '0825719263'),
       ('Nguyễn Thành Trung', '1992-01-16', 'Thanh Hoá', '0123691368'),
       ('Nguyễn Thị Cẩm Duyên', '1995-11-03', 'TP HCM', '0120984178'),
       ('Lê Thanh Quang', '1995-04-19', 'Huế', '0956146728'),
       ('Trần Văn Hi', '1999-04-05', 'TP HCM', '0123456489'),
       ('Nguyễn Hùng Bá', '1997-02-14', 'Hải Phòng', '0702536184'),
       ('Huỳnh Công Thành', '1996-11-20', 'ong An', '0709123175'),
       ('Huỳnh Thị Hồng Hương', '1994-11-27', 'TP HCM', '0912635198'),
       ('Phan Yến Hân', '1996-03-14', 'Bến Tre', '0123671823'),
       ('Trương Thanh Dũng', '1997-10-28', 'Đồng Tháp', '0981237651'),
       ('Nguyễn Bá Được', '1998-04-05', 'Hà Nội', '0128456786'),
       ('Trần Văn Hoàng', '1999-11-12', 'TP HCM', '01207764668'),
       ('Lê Thanh Tú', '1991-04-11', 'Hải Phòng', '0367756753'),
       ('Nguyễn Hải Âu', '1992-04-24', 'Huế', '0364198226'),
       ('Hoàng Thanh Hùng', '1989-11-13', 'ong An', '0276886265'),
       ('Trịnh Văn Công', '1990-07-16', 'Tiền Giang', '0392656931'),
       ('Dương Thanh Hồng', '1991-12-03', 'Vũng Tàu', '0977268398');
INSERT INTO Employees(name, birthday, address, phone_number,account_password,authorization_id)
VALUES ('Phan Trí Dũng', '1978-04-05', 'Đà Nẵng', '0145647854','123456',0),
       ('Nguyễn Thị Hồng Hạnh', '1993-11-29', 'Bến Tre', '01262368193','123456',0),
       ('Phan Thị Hồng Trinh', '1993-12-11', 'Nghệ An', '0366227168','123456',0),
       ('Phan Văn Tài', '1989-06-15', 'Kiên Giang', '0981578293','123456',0),
       ('Lê Công Huynh', '1991-09-12', 'Sóc Trăng', '0977232173','123456',0),
       ('Lê Hồng Hoa', '1992-08-13', 'TP HCM', '0805126735','123456',0),
       ('Nguyễn Thị My', '1992-12-30', 'Hà Nội', '0703689147','123456',0),
       ('Trương Thị Hồng Huệ', '1992-11-28', 'TP HCM', '0825719263','123456',0),
       ('Nguyễn Thành Trung', '1992-01-16', 'Thanh Hoá', '0123691368','123456',0),
       ('Nguyễn Thị Cẩm Duyên', '1995-11-03', 'TP HCM', '0120984178','123456',0),
       ('Lê Thanh Quang', '1995-04-19', 'Huế', '0956146728','123456',0),
       ('Trần Văn Hi', '1999-04-05', 'TP HCM', '0123456489','123456',0),
       ('Nguyễn Hùng Bá', '1997-02-14', 'Hải Phòng', '0702536184','123456',0),
       ('Huỳnh Công Thành', '1996-11-20', 'ong An', '0709123175','123456',0),
       ('Huỳnh Thị Hồng Hương', '1994-11-27', 'TP HCM', '0912635198','123456',0),
       ('Phan Yến Hân', '1996-03-14', 'Bến Tre', '0123671823','123456',0),
       ('Trương Thanh Dũng', '1997-10-28', 'Đồng Tháp', '0981237651','123456',0),
       ('Nguyễn Bá Được', '1998-04-05', 'Hà Nội', '0128456786','123456',0),
       ('Trần Văn Hoàng', '1999-11-12', 'TP HCM', '01207764668','123456',0),
       ('Lê Thanh Tú', '1991-04-11', 'Hải Phòng', '0367756753','123456',0),
       ('Nguyễn Hải Âu', '1992-04-24', 'Huế', '0364198226','123456',0),
       ('Hoàng Thanh Hùng', '1989-11-13', 'ong An', '0276886265','123456',0),
       ('Trịnh Văn Công', '1990-07-16', 'Tiền Giang', '0392656931','123456',0),
       ('Dương Thanh Hồng', '1991-12-03', 'Vũng Tàu', '0977268398','123456',0);
INSERT INTO Products (id, name, price,image)
VALUES (1, 'iPhone 13 Pro Max 128GB', '33990000',''),
       (2, 'iPhone 12 128GB ', '19790000',''),
       (3, 'OPPO A95', '6990000',''),
       (4, 'Xiaomi 11T 5G 128GB', '10990000',''),
       (5, 'Vivo V23e', '8490000',''),
       (6, 'OPPO A16K', '3290000',''),
       (7, 'Xiaomi Redmi 10 (4GB/64GB) ', '6490000',''),
       (8, 'Realme 7 Pro', '8990000','');
INSERT INTO Individual_Products(id, product_id, is_purchased)
values ('E28011606000020958CDC43E', 1, 0),
       ('E28011606000020958CD98FE', 2, 0),
       ('E28011606000020958CDF86E', 3, 0),
       ('300EFE2F94D01C42540BE4F9', 2, 0),
       ('E28011606000020958CD98EE', 3, 0),
       ('300EFE2F94D01C02540BE93A', 2, 0),
       ('100EFE2F94D01C02540BE93A', 1, 0),
       ('100EFE2F94D01C02540BE93B', 1, 0),
       ('100EFE2F94D01C02540BE93C', 1, 0),
       ('100EFE2F94D01C02540BE93D', 1, 0),
       ('100EFE2F94D01C02540BE93E', 1, 0),
       ('100EFE2F94D01C02540BE93F', 1, 0),
       ('100EFE2F94D01C02540BE93G', 1, 0),
       ('100EFE2F94D01C02540BE93H', 1, 0),
       ('100EFE2F94D01C02540BE93I', 1, 0),
       ('100EFE2F94D01C02540BE93J', 1, 0),
       ('100EFE2F94D01C02540BE93K', 1, 0),
       ('200EFE2F94D01C02540BE93L', 2, 0),
       ('200EFE2F94D01C02540BE93M', 2, 0),
       ('200EFE2F94D01C02540BE93N', 2, 0),
       ('200EFE2F94D01C02540BE93O', 2, 0),
       ('200EFE2F94D01C02540BE93P', 2, 0),
       ('200EFE2F94D01C02540BE93Q', 2, 0),
       ('200EFE2F94D01C02540BE93R', 2, 0),
       ('200EFE2F94D01C02540BE93T', 2, 0),
       ('200EFE2F94D01C02540BE93U', 2, 0),
       ('200EFE2F94D01C02540BE93V', 2, 0),
       ('200EFE2F94D01C02540BE93W', 2, 0),
       ('300EFE2F94D01C02540BE91X', 3, 0),
       ('400EFE2F94D01C02540BE91Y', 4, 0),
       ('400EFE2F94D01C02540BE91Z', 4, 0),
       ('400EFE2F94D01C02540BE91A', 4, 0),
       ('400EFE2F94D01C02540BE91B', 4, 0),
       ('400EFE2F94D01C02540BE91C', 4, 0),
       ('400EFE2F94D01C02540BE91D', 4, 0),
       ('400EFE2F94D01C02540BE91E', 4, 0),
       ('500EFE2F94D01C02540BE91F', 5, 0),
       ('500EFE2F94D01C02540BE91G', 5, 0),
       ('500EFE2F94D01C02540BE91H', 5, 0),
       ('500EFE2F94D01C02540BE91I', 5, 0),
       ('500EFE2F94D01C02540BE91J', 5, 0),
       ('500EFE2F94D01C02540BE91K', 5, 0),
       ('500EFE2F94D01C02540BE91L', 5, 0),
       ('500EFE2F94D01C02540BE91M', 5, 0),
       ('600EFE2F94D01C02540BE91N', 6, 0),
       ('600EFE2F94D01C02540BE91E', 6, 0),
       ('600EFE2F94D01C02540BE91O', 6, 0),
       ('600EFE2F94D01C02540BE91Q', 6, 0),
       ('600EFE2F94D01C02540BE91P', 6, 0),
       ('600EFE2F94D01C02540BE91W', 6, 0),
       ('700EFE2F94D01C02540BE91A', 7, 0),
       ('700EFE2F94D01C02540BE91B', 7, 0),
       ('700EFE2F94D01C02540BE91C', 7, 0),
       ('700EFE2F94D01C02540BE91D', 7, 0),
       ('700EFE2F94D01C02540BE91E', 7, 0),
       ('700EFE2F94D01C02540BE91F', 7, 0),
       ('700EFE2F94D01C02540BE91G', 7, 0),
       ('700EFE2F94D01C02540BE91H', 7, 0),
       ('700EFE2F94D01C02540BE91I', 7, 0),
       ('800EFE2F94D01C02540BE91Q', 8, 0),
       ('800EFE2F94D01C02540BE91W', 8, 0),
       ('800EFE2F94D01C02540BE91E', 8, 0),
       ('800EFE2F94D01C02540BE91R', 8, 0),
       ('800EFE2F94D01C02540BE91T', 8, 0),
       ('800EFE2F94D01C02540BE91Y', 8, 0),
       ('800EFE2F94D01C02540BE91U', 8, 0),
       ('800EFE2F94D01C02540BE91I', 8, 0),
       ('800EFE2F94D01C02540BE91O', 8, 0);